"","key","peak_change"
"1","ba_or_more",-1.71820723544861
"2","college_or_assoc",-8.16337840833518
"3","hs_only",-8.7460121288765
"4","less_hs",-12.5836216839677
